mean,scale
880.5831282952548,568.8564589532671
0.11460622319859401,0.06567455451119314
16.269189806678387,4.828992576060772
